{
  "name": "Chart.js",
  "version": "0.2.0",
  "description": "Simple HTML5 Charts using the canvas element",
  "keywords": [
    "charts"
  ],
  "homepage": "https://github.com/nnnick/Chart.js",
  "author": "nnnick",
  "main": [
    "Chart.min.js"
  ],
  "dependencies": {},
  "_release": "0.2.0",
  "_resolution": {
    "type": "version",
    "tag": "v0.2.0",
    "commit": "8f025f33c08c66991a12f02f908bab156a963aef"
  },
  "_source": "git://github.com/nnnick/Chart.js.git",
  "_target": "~0.2.0",
  "_originalSource": "chartjs",
  "_direct": true
}